timestamp,temperature_c,cone
2026-09-14 06:00:00,20.0,04
2026-09-14 06:01:00,22.0,04
2026-09-14 06:02:00,24.1,04
2026-09-14 06:03:00,26.1,04
2026-09-14 06:04:00,28.1,04
2026-09-14 06:05:00,30.2,04
2026-09-14 06:06:00,32.2,04
2026-09-14 06:07:00,34.2,04
2026-09-14 06:08:00,36.3,04
2026-09-14 06:09:00,38.3,04
2026-09-14 06:10:00,40.3,04
2026-09-14 06:11:00,42.4,04
2026-09-14 06:12:00,44.4,04
2026-09-14 06:13:00,46.4,04
2026-09-14 06:14:00,48.5,04
2026-09-14 06:15:00,50.5,04
2026-09-14 06:16:00,52.5,04
2026-09-14 06:17:00,54.5,04
2026-09-14 06:18:00,56.6,04
2026-09-14 06:19:00,58.6,04
2026-09-14 06:20:00,60.6,04
2026-09-14 06:21:00,62.6,04
2026-09-14 06:22:00,64.7,04
2026-09-14 06:23:00,66.7,04
2026-09-14 06:24:00,68.7,04
2026-09-14 06:25:00,70.7,04
2026-09-14 06:26:00,72.7,04
2026-09-14 06:27:00,74.7,04
2026-09-14 06:28:00,76.8,04
2026-09-14 06:29:00,78.8,04
2026-09-14 06:30:00,80.8,04
2026-09-14 06:31:00,82.8,04
2026-09-14 06:32:00,84.8,04
2026-09-14 06:33:00,86.8,04
2026-09-14 06:34:00,88.8,04
2026-09-14 06:35:00,90.8,04
2026-09-14 06:36:00,92.8,04
2026-09-14 06:37:00,94.8,04
2026-09-14 06:38:00,96.8,04
2026-09-14 06:39:00,98.8,04
2026-09-14 06:40:00,100.8,04
2026-09-14 06:41:00,102.8,04
2026-09-14 06:42:00,104.8,04
2026-09-14 06:43:00,106.8,04
2026-09-14 06:44:00,108.8,04
2026-09-14 06:45:00,110.7,04
2026-09-14 06:46:00,112.7,04
2026-09-14 06:47:00,114.7,04
2026-09-14 06:48:00,116.7,04
2026-09-14 06:49:00,118.7,04
2026-09-14 06:50:00,120.7,04
2026-09-14 06:51:00,122.6,04
2026-09-14 06:52:00,124.6,04
2026-09-14 06:53:00,126.6,04
2026-09-14 06:54:00,128.6,04
2026-09-14 06:55:00,130.5,04
2026-09-14 06:56:00,132.5,04
2026-09-14 06:57:00,134.5,04
2026-09-14 06:58:00,136.5,04
2026-09-14 06:59:00,138.4,04
2026-09-14 07:00:00,140.4,04
2026-09-14 07:01:00,142.4,04
2026-09-14 07:02:00,144.3,04
2026-09-14 07:03:00,146.3,04
2026-09-14 07:04:00,148.3,04
2026-09-14 07:05:00,150.2,04
2026-09-14 07:06:00,152.2,04
2026-09-14 07:07:00,154.2,04
2026-09-14 07:08:00,156.1,04
2026-09-14 07:09:00,158.1,04
2026-09-14 07:10:00,160.1,04
2026-09-14 07:11:00,162.0,04
2026-09-14 07:12:00,164.0,04
2026-09-14 07:13:00,166.0,04
2026-09-14 07:14:00,167.9,04
2026-09-14 07:15:00,169.9,04
2026-09-14 07:16:00,171.9,04
2026-09-14 07:17:00,173.8,04
2026-09-14 07:18:00,175.8,04
2026-09-14 07:19:00,177.8,04
2026-09-14 07:20:00,179.7,04
2026-09-14 07:21:00,181.7,04
2026-09-14 07:22:00,183.7,04
2026-09-14 07:23:00,185.6,04
2026-09-14 07:24:00,187.6,04
2026-09-14 07:25:00,189.6,04
2026-09-14 07:26:00,191.5,04
2026-09-14 07:27:00,193.5,04
2026-09-14 07:28:00,195.5,04
2026-09-14 07:29:00,197.5,04
2026-09-14 07:30:00,199.4,04
2026-09-14 07:31:00,201.4,04
2026-09-14 07:32:00,203.4,04
2026-09-14 07:33:00,205.4,04
2026-09-14 07:34:00,207.4,04
2026-09-14 07:35:00,209.3,04
2026-09-14 07:36:00,211.3,04
2026-09-14 07:37:00,213.3,04
2026-09-14 07:38:00,215.3,04
2026-09-14 07:39:00,217.3,04
2026-09-14 07:40:00,219.3,04
2026-09-14 07:41:00,221.2,04
2026-09-14 07:42:00,223.2,04
2026-09-14 07:43:00,225.2,04
2026-09-14 07:44:00,227.2,04
2026-09-14 07:45:00,229.2,04
2026-09-14 07:46:00,231.2,04
2026-09-14 07:47:00,233.2,04
2026-09-14 07:48:00,235.2,04
2026-09-14 07:49:00,237.2,04
2026-09-14 07:50:00,239.2,04
2026-09-14 07:51:00,241.2,04
2026-09-14 07:52:00,243.2,04
2026-09-14 07:53:00,245.2,04
2026-09-14 07:54:00,247.2,04
2026-09-14 07:55:00,249.2,04
2026-09-14 07:56:00,251.2,04
2026-09-14 07:57:00,253.3,04
2026-09-14 07:58:00,255.3,04
2026-09-14 07:59:00,257.3,04
2026-09-14 08:00:00,259.3,04
2026-09-14 08:01:00,261.3,04
2026-09-14 08:02:00,263.3,04
2026-09-14 08:03:00,265.4,04
2026-09-14 08:04:00,267.4,04
2026-09-14 08:05:00,269.4,04
2026-09-14 08:06:00,271.4,04
2026-09-14 08:07:00,273.4,04
2026-09-14 08:08:00,275.5,04
2026-09-14 08:09:00,277.5,04
2026-09-14 08:10:00,279.5,04
2026-09-14 08:11:00,281.6,04
2026-09-14 08:12:00,283.6,04
2026-09-14 08:13:00,285.6,04
2026-09-14 08:14:00,287.6,04
2026-09-14 08:15:00,289.7,04
2026-09-14 08:16:00,291.7,04
2026-09-14 08:17:00,293.7,04
2026-09-14 08:18:00,295.8,04
2026-09-14 08:19:00,297.8,04
2026-09-14 08:20:00,299.8,04
2026-09-14 08:21:00,301.9,04
2026-09-14 08:22:00,303.9,04
2026-09-14 08:23:00,305.9,04
2026-09-14 08:24:00,308.0,04
2026-09-14 08:25:00,310.0,04
2026-09-14 08:26:00,312.1,04
2026-09-14 08:27:00,314.1,04
2026-09-14 08:28:00,316.1,04
2026-09-14 08:29:00,318.2,04
2026-09-14 08:30:00,320.2,04
2026-09-14 08:31:00,322.2,04
2026-09-14 08:32:00,324.3,04
2026-09-14 08:33:00,326.3,04
2026-09-14 08:34:00,328.3,04
2026-09-14 08:35:00,330.4,04
2026-09-14 08:36:00,332.4,04
2026-09-14 08:37:00,334.4,04
2026-09-14 08:38:00,336.4,04
2026-09-14 08:39:00,338.5,04
2026-09-14 08:40:00,340.5,04
2026-09-14 08:41:00,342.5,04
2026-09-14 08:42:00,344.6,04
2026-09-14 08:43:00,346.6,04
2026-09-14 08:44:00,348.6,04
2026-09-14 08:45:00,350.6,04
2026-09-14 08:46:00,352.6,04
2026-09-14 08:47:00,354.7,04
2026-09-14 08:48:00,356.7,04
2026-09-14 08:49:00,358.7,04
2026-09-14 08:50:00,360.7,04
2026-09-14 08:51:00,362.7,04
2026-09-14 08:52:00,364.7,04
2026-09-14 08:53:00,366.8,04
2026-09-14 08:54:00,368.8,04
2026-09-14 08:55:00,370.8,04
2026-09-14 08:56:00,372.8,04
2026-09-14 08:57:00,374.8,04
2026-09-14 08:58:00,376.8,04
2026-09-14 08:59:00,378.8,04
2026-09-14 09:00:00,380.8,04
2026-09-14 09:01:00,382.8,04
2026-09-14 09:02:00,384.8,04
2026-09-14 09:03:00,386.8,04
2026-09-14 09:04:00,388.8,04
2026-09-14 09:05:00,390.8,04
2026-09-14 09:06:00,392.8,04
2026-09-14 09:07:00,394.8,04
2026-09-14 09:08:00,396.8,04
2026-09-14 09:09:00,398.7,04
2026-09-14 09:10:00,400.7,04
2026-09-14 09:11:00,402.7,04
2026-09-14 09:12:00,404.7,04
2026-09-14 09:13:00,406.7,04
2026-09-14 09:14:00,408.7,04
2026-09-14 09:15:00,410.6,04
2026-09-14 09:16:00,412.6,04
2026-09-14 09:17:00,414.6,04
2026-09-14 09:18:00,416.6,04
2026-09-14 09:19:00,418.6,04
2026-09-14 09:20:00,420.5,04
2026-09-14 09:21:00,422.5,04
2026-09-14 09:22:00,424.5,04
2026-09-14 09:23:00,511.5,04
2026-09-14 09:24:00,428.4,04
2026-09-14 09:25:00,430.4,04
2026-09-14 09:26:00,432.4,04
2026-09-14 09:27:00,434.3,04
2026-09-14 09:28:00,436.3,04
2026-09-14 09:29:00,438.3,04
2026-09-14 09:30:00,440.2,04
2026-09-14 09:31:00,442.2,04
2026-09-14 09:32:00,444.2,04
2026-09-14 09:33:00,446.1,04
2026-09-14 09:34:00,448.1,04
2026-09-14 09:35:00,450.1,04
2026-09-14 09:36:00,452.0,04
2026-09-14 09:37:00,454.0,04
2026-09-14 09:38:00,456.0,04
2026-09-14 09:39:00,457.9,04
2026-09-14 09:40:00,459.9,04
2026-09-14 09:41:00,461.9,04
2026-09-14 09:42:00,463.8,04
2026-09-14 09:43:00,465.8,04
2026-09-14 09:44:00,467.8,04
2026-09-14 09:45:00,469.7,04
2026-09-14 09:46:00,471.7,04
2026-09-14 09:47:00,473.7,04
2026-09-14 09:48:00,475.6,04
2026-09-14 09:49:00,477.6,04
2026-09-14 09:50:00,479.6,04
2026-09-14 09:51:00,481.5,04
2026-09-14 09:52:00,483.5,04
2026-09-14 09:53:00,485.5,04
2026-09-14 09:54:00,487.5,04
2026-09-14 09:55:00,489.4,04
2026-09-14 09:56:00,491.4,04
2026-09-14 09:57:00,493.4,04
2026-09-14 09:58:00,495.4,04
2026-09-14 09:59:00,497.3,04
2026-09-14 10:00:00,499.3,04
2026-09-14 10:01:00,501.3,04
2026-09-14 10:02:00,503.3,04
2026-09-14 10:03:00,505.3,04
2026-09-14 10:04:00,507.3,04
2026-09-14 10:05:00,509.2,04
2026-09-14 10:06:00,511.2,04
2026-09-14 10:07:00,513.2,04
2026-09-14 10:08:00,515.2,04
2026-09-14 10:09:00,517.2,04
2026-09-14 10:10:00,519.2,04
2026-09-14 10:11:00,521.2,04
2026-09-14 10:12:00,523.2,04
2026-09-14 10:13:00,525.2,04
2026-09-14 10:14:00,527.2,04
2026-09-14 10:15:00,529.2,04
2026-09-14 10:16:00,531.2,04
2026-09-14 10:17:00,533.2,04
2026-09-14 10:18:00,535.2,04
2026-09-14 10:19:00,537.2,04
2026-09-14 10:20:00,539.2,04
2026-09-14 10:21:00,541.2,04
2026-09-14 10:22:00,543.3,04
2026-09-14 10:23:00,545.3,04
2026-09-14 10:24:00,547.3,04
2026-09-14 10:25:00,549.3,04
2026-09-14 10:26:00,551.3,04
2026-09-14 10:27:00,553.3,04
2026-09-14 10:28:00,555.4,04
2026-09-14 10:29:00,557.4,04
2026-09-14 10:30:00,559.4,04
2026-09-14 10:31:00,561.4,04
2026-09-14 10:32:00,563.5,04
2026-09-14 10:33:00,565.5,04
2026-09-14 10:34:00,567.5,04
2026-09-14 10:35:00,569.5,04
2026-09-14 10:36:00,571.6,04
2026-09-14 10:37:00,573.6,04
2026-09-14 10:38:00,575.6,04
2026-09-14 10:39:00,577.7,04
2026-09-14 10:40:00,579.7,04
2026-09-14 10:41:00,581.7,04
2026-09-14 10:42:00,583.8,04
2026-09-14 10:43:00,585.8,04
2026-09-14 10:44:00,587.8,04
2026-09-14 10:45:00,589.9,04
2026-09-14 10:46:00,591.9,04
2026-09-14 10:47:00,593.9,04
2026-09-14 10:48:00,596.0,04
2026-09-14 10:49:00,598.0,04
2026-09-14 10:50:00,600.0,04
2026-09-14 10:51:00,603.1,04
2026-09-14 10:52:00,606.1,04
2026-09-14 10:53:00,609.1,04
2026-09-14 10:54:00,612.2,04
2026-09-14 10:55:00,615.2,04
2026-09-14 10:56:00,618.2,04
2026-09-14 10:57:00,621.3,04
2026-09-14 10:58:00,624.3,04
2026-09-14 10:59:00,627.3,04
2026-09-14 11:00:00,630.4,04
2026-09-14 11:01:00,633.4,04
2026-09-14 11:02:00,636.4,04
2026-09-14 11:03:00,639.5,04
2026-09-14 11:04:00,642.5,04
2026-09-14 11:05:00,645.5,04
2026-09-14 11:06:00,648.5,04
2026-09-14 11:07:00,651.6,04
2026-09-14 11:08:00,654.6,04
2026-09-14 11:09:00,657.6,04
2026-09-14 11:10:00,660.6,04
2026-09-14 11:25:00,705.8,04
2026-09-14 11:26:00,708.8,04
2026-09-14 11:27:00,711.8,04
2026-09-14 11:28:00,714.8,04
2026-09-14 11:29:00,717.8,04
2026-09-14 11:30:00,720.8,04
2026-09-14 11:31:00,723.8,04
2026-09-14 11:32:00,726.8,04
2026-09-14 11:33:00,729.8,04
2026-09-14 11:34:00,732.7,04
2026-09-14 11:35:00,735.7,04
2026-09-14 11:36:00,738.7,04
2026-09-14 11:37:00,741.7,04
2026-09-14 11:38:00,744.7,04
2026-09-14 11:39:00,747.7,04
2026-09-14 11:40:00,750.6,04
2026-09-14 11:41:00,753.6,04
2026-09-14 11:42:00,756.6,04
2026-09-14 11:43:00,759.6,04
2026-09-14 11:44:00,762.5,04
2026-09-14 11:45:00,765.5,04
2026-09-14 11:46:00,768.5,04
2026-09-14 11:47:00,771.5,04
2026-09-14 11:48:00,774.4,04
2026-09-14 11:49:00,777.4,04
2026-09-14 11:50:00,780.4,04
2026-09-14 11:51:00,783.3,04
2026-09-14 11:52:00,786.3,04
2026-09-14 11:53:00,789.3,04
2026-09-14 11:54:00,792.2,04
2026-09-14 11:55:00,795.2,04
2026-09-14 11:56:00,798.2,04
2026-09-14 11:57:00,801.1,04
2026-09-14 11:58:00,804.1,04
2026-09-14 11:59:00,807.1,04
2026-09-14 12:00:00,810.0,04
2026-09-14 12:01:00,813.0,04
2026-09-14 12:02:00,816.0,04
2026-09-14 12:03:00,818.9,04
2026-09-14 12:04:00,821.9,04
2026-09-14 12:05:00,824.9,04
2026-09-14 12:06:00,827.8,04
2026-09-14 12:07:00,830.8,04
2026-09-14 12:08:00,833.8,04
2026-09-14 12:09:00,836.7,04
2026-09-14 12:10:00,839.7,04
2026-09-14 12:11:00,842.7,04
2026-09-14 12:12:00,845.6,04
2026-09-14 12:13:00,848.6,04
2026-09-14 12:14:00,851.6,04
2026-09-14 12:15:00,854.6,04
2026-09-14 12:16:00,857.5,04
2026-09-14 12:17:00,860.5,04
2026-09-14 12:18:00,863.5,04
2026-09-14 12:19:00,866.4,04
2026-09-14 12:20:00,869.4,04
2026-09-14 12:21:00,872.4,04
2026-09-14 12:22:00,875.4,04
2026-09-14 12:23:00,878.4,04
2026-09-14 12:24:00,881.3,04
2026-09-14 12:25:00,884.3,04
2026-09-14 12:26:00,887.3,04
2026-09-14 12:27:00,890.3,04
2026-09-14 12:28:00,893.3,04
2026-09-14 12:29:00,896.3,04
2026-09-14 12:30:00,899.2,04
2026-09-14 12:31:00,902.2,04
2026-09-14 12:32:00,905.2,04
2026-09-14 12:33:00,908.2,04
2026-09-14 12:34:00,911.2,04
2026-09-14 12:35:00,914.2,04
2026-09-14 12:36:00,917.2,04
2026-09-14 12:37:00,920.2,04
2026-09-14 12:38:00,923.2,04
2026-09-14 12:39:00,926.2,04
2026-09-14 12:40:00,929.2,04
2026-09-14 12:41:00,932.2,04
2026-09-14 12:42:00,935.2,04
2026-09-14 12:43:00,938.2,04
2026-09-14 12:44:00,941.2,04
2026-09-14 12:45:00,944.2,04
2026-09-14 12:46:00,947.3,04
2026-09-14 12:47:00,950.3,04
2026-09-14 12:48:00,953.3,04
2026-09-14 12:49:00,956.3,04
2026-09-14 12:50:00,959.3,04
2026-09-14 12:51:00,962.3,04
2026-09-14 12:52:00,965.4,04
2026-09-14 12:53:00,968.4,04
2026-09-14 12:54:00,971.4,04
2026-09-14 12:55:00,974.4,04
2026-09-14 12:56:00,977.4,04
2026-09-14 12:57:00,980.5,04
2026-09-14 12:58:00,983.5,04
2026-09-14 12:59:00,986.5,04
2026-09-14 13:00:00,989.6,04
2026-09-14 13:01:00,992.6,04
2026-09-14 13:02:00,995.6,04
2026-09-14 13:03:00,998.6,04
2026-09-14 13:04:00,1001.7,04
2026-09-14 13:05:00,1004.7,04
2026-09-14 13:06:00,1007.7,04
2026-09-14 13:07:00,1010.8,04
2026-09-14 13:08:00,1013.8,04
2026-09-14 13:09:00,1016.8,04
2026-09-14 13:10:00,1019.9,04
2026-09-14 13:11:00,1022.9,04
2026-09-14 13:12:00,1025.9,04
2026-09-14 13:13:00,1029.0,04
2026-09-14 13:14:00,1032.0,04
2026-09-14 13:15:00,1035.1,04
2026-09-14 13:16:00,1038.1,04
2026-09-14 13:17:00,1041.1,04
2026-09-14 13:18:00,1044.2,04
2026-09-14 13:19:00,1047.2,04
2026-09-14 13:20:00,1050.2,04
2026-09-14 13:21:00,1053.3,04
2026-09-14 13:22:00,1056.3,04
2026-09-14 13:23:00,1059.3,04
2026-09-14 13:24:00,1060.4,04
2026-09-14 13:25:00,1060.4,04
2026-09-14 13:26:00,1060.4,04
2026-09-14 13:27:00,1060.4,04
2026-09-14 13:28:00,1060.5,04
2026-09-14 13:29:00,1060.5,04
2026-09-14 13:30:00,1060.5,04
2026-09-14 13:31:00,1060.6,04
2026-09-14 13:32:00,1060.6,04
2026-09-14 13:33:00,1060.6,04
2026-09-14 13:34:00,1058.4,04
2026-09-14 13:35:00,1055.1,04
2026-09-14 13:36:00,1051.8,04
2026-09-14 13:37:00,1048.5,04
2026-09-14 13:38:00,1045.1,04
2026-09-14 13:39:00,1041.8,04
2026-09-14 13:40:00,1038.5,04
2026-09-14 13:41:00,1035.2,04
2026-09-14 13:42:00,1031.9,04
2026-09-14 13:43:00,1028.5,04
2026-09-14 13:44:00,1025.2,04
2026-09-14 13:45:00,1021.9,04
2026-09-14 13:46:00,1018.6,04
2026-09-14 13:47:00,1015.2,04
2026-09-14 13:48:00,1011.9,04
2026-09-14 13:49:00,1008.6,04
2026-09-14 13:50:00,1005.2,04
2026-09-14 13:51:00,1001.9,04
2026-09-14 13:52:00,998.6,04
2026-09-14 13:53:00,995.2,04
2026-09-14 13:54:00,991.9,04
2026-09-14 13:55:00,988.6,04
2026-09-14 13:56:00,985.2,04
2026-09-14 13:57:00,981.9,04
2026-09-14 13:58:00,978.5,04
2026-09-14 13:59:00,975.2,04
2026-09-14 14:00:00,971.8,04
2026-09-14 14:01:00,968.5,04
2026-09-14 14:02:00,965.1,04
2026-09-14 14:03:00,961.8,04
2026-09-14 14:04:00,958.4,04
2026-09-14 14:05:00,955.1,04
2026-09-14 14:06:00,951.7,04
2026-09-14 14:07:00,948.4,04
2026-09-14 14:08:00,945.0,04
2026-09-14 14:09:00,941.6,04
2026-09-14 14:10:00,938.3,04
2026-09-14 14:11:00,934.9,04
2026-09-14 14:12:00,931.6,04
2026-09-14 14:13:00,928.2,04
2026-09-14 14:14:00,924.8,04
2026-09-14 14:15:00,921.5,04
2026-09-14 14:16:00,918.1,04
2026-09-14 14:17:00,914.7,04
2026-09-14 14:18:00,911.4,04
2026-09-14 14:19:00,908.0,04
2026-09-14 14:20:00,904.6,04
2026-09-14 14:21:00,901.3,04
2026-09-14 14:22:00,897.9,04
2026-09-14 14:23:00,894.5,04
2026-09-14 14:24:00,891.2,04
2026-09-14 14:25:00,887.8,04
2026-09-14 14:26:00,884.4,04
2026-09-14 14:27:00,881.1,04
2026-09-14 14:28:00,877.7,04
2026-09-14 14:29:00,874.3,04
2026-09-14 14:30:00,871.0,04
2026-09-14 14:31:00,867.6,04
2026-09-14 14:32:00,864.2,04
2026-09-14 14:33:00,860.9,04
2026-09-14 14:34:00,857.5,04
2026-09-14 14:35:00,854.1,04
2026-09-14 14:36:00,850.8,04
2026-09-14 14:37:00,847.4,04
2026-09-14 14:38:00,844.0,04
2026-09-14 14:39:00,840.7,04
2026-09-14 14:40:00,837.3,04
2026-09-14 14:41:00,834.0,04
2026-09-14 14:42:00,830.6,04
2026-09-14 14:43:00,827.2,04
2026-09-14 14:44:00,823.9,04
2026-09-14 14:45:00,820.5,04
2026-09-14 14:46:00,817.2,04
2026-09-14 14:47:00,813.8,04
2026-09-14 14:48:00,810.5,04
2026-09-14 14:49:00,807.1,04
2026-09-14 14:50:00,803.7,04
2026-09-14 14:51:00,800.4,04
2026-09-14 14:52:00,797.1,04
2026-09-14 14:53:00,793.7,04
2026-09-14 14:54:00,790.4,04
2026-09-14 14:55:00,787.0,04
2026-09-14 14:56:00,783.7,04
2026-09-14 14:57:00,780.3,04
2026-09-14 14:58:00,777.0,04
2026-09-14 14:59:00,773.7,04
2026-09-14 15:00:00,770.3,04
2026-09-14 15:01:00,767.0,04
2026-09-14 15:02:00,763.6,04
2026-09-14 15:03:00,760.3,04
2026-09-14 15:04:00,757.0,04
2026-09-14 15:05:00,753.7,04
2026-09-14 15:06:00,750.3,04
2026-09-14 15:07:00,747.0,04
2026-09-14 15:08:00,743.7,04
2026-09-14 15:09:00,740.3,04
2026-09-14 15:10:00,737.0,04
2026-09-14 15:11:00,733.7,04
2026-09-14 15:12:00,730.4,04
2026-09-14 15:13:00,727.1,04
2026-09-14 15:14:00,723.8,04
2026-09-14 15:15:00,720.4,04
2026-09-14 15:16:00,717.1,04
2026-09-14 15:17:00,713.8,04
2026-09-14 15:18:00,710.5,04
2026-09-14 15:19:00,707.2,04
2026-09-14 15:20:00,703.9,04
2026-09-14 15:21:00,700.6,04
2026-09-14 15:22:00,697.3,04
2026-09-14 15:23:00,694.0,04
2026-09-14 15:24:00,690.7,04
2026-09-14 15:25:00,687.3,04
2026-09-14 15:26:00,684.0,04
2026-09-14 15:27:00,680.7,04
2026-09-14 15:28:00,677.4,04
2026-09-14 15:29:00,674.1,04
2026-09-14 15:30:00,670.8,04
2026-09-14 15:31:00,667.5,04
2026-09-14 15:32:00,664.2,04
2026-09-14 15:33:00,660.9,04
